<?xml version="1.0" encoding="UTF-8" standalone="yes"?>
<addon id="plugin.addon.zeroanime" name="Zero Anime" version="1.0.0" provider-name="Juan Sebastián">
  <requires>
    <import addon="xbmc.python" version="3.0.0"/>
    <import addon="script.module.resolveurl" version="5.1.36"/>
    <import addon="script.module.requests" version="2.22.0"/>
    <import addon="script.module.beautifulsoup4" version="4.9.3"/>
  </requires>
  <extension point="xbmc.python.pluginsource" library="addon.py">
    <provides>video</provides>
  </extension>
  <extension point="xbmc.addon.metadata">
    <summary lang="es">Zero Anime</summary>
    <description lang="es">Zero Anime</description>
    <disclaimer lang="es"></disclaimer>
    <language>es</language> 
    <platform>all</platform>
    <license>GPL-2.0-or-later</license>
    <forum>https://forum.kodi.tv/showthread.php?tid=xxxx</forum> 
    <website>http://myplugin.com</website> 
    <email>you@youremail.com</email> 
    <source>https://github.com/juansebastian028/plugin.addon.zeroanime</source>
    <news>v1.2.3 (01/02/201x)
      [new] some new feature
      [fix] some fix
    </news>
    <assets>
        <icon>resources/icon.png</icon>
        <fanart>resources/fanart.png</fanart>
        <banner></banner> 
        <clearlogo>resources/clearlogo.png</clearlogo> 
        <screenshot></screenshot> 
    </assets>
  </extension>
</addon>